diseaseId,targetId,datatypeId,datasourceId,score,evidenceCount,diseaseName,geneName
MONDO_0008708,ENSG00000106571,genetic_association,orphanet,0.6079308,1,acrocallosal syndrome,GLI3
MONDO_0008708,ENSG00000166813,genetic_association,eva,0.9335606,751,acrocallosal syndrome,KIF7
MONDO_0008708,ENSG00000166813,genetic_association,orphanet,0.6079308,1,acrocallosal syndrome,KIF7
MONDO_0008708,ENSG00000166813,genetic_association,uniprot_literature,0.7599135,2,acrocallosal syndrome,KIF7
MONDO_0008708,ENSG00000166813,genetic_association,uniprot_variants,0.8897743,5,acrocallosal syndrome,KIF7
MONDO_0008708,ENSG00000166813,genetic_association,gene2phenotype,0.7599135,2,acrocallosal syndrome,KIF7
MONDO_0008708,ENSG00000166813,genetic_association,genomics_england,0.9580964,14,acrocallosal syndrome,KIF7
MONDO_0015229,ENSG00000116127,genetic_association,genomics_england,0.865457,4,Bardet-Biedl syndrome,ALMS1
MONDO_0015229,ENSG00000113966,genetic_association,genomics_england,0.9360722,9,Bardet-Biedl syndrome,ARL6
MONDO_0015229,ENSG00000113966,genetic_association,orphanet,0.6079308,1,Bardet-Biedl syndrome,ARL6
MONDO_0015229,ENSG00000113966,genetic_association,eva,0.9015265,117,Bardet-Biedl syndrome,ARL6
MONDO_0015229,ENSG00000113966,genetic_association,genomics_england,0.865457,4,Bardet-Biedl syndrome,ARL6
MONDO_0015229,ENSG00000214413,genetic_association,gene2phenotype,0.6079308,1,Bardet-Biedl syndrome,BBIP1
MONDO_0015229,ENSG00000214413,genetic_association,orphanet,0.6079308,1,Bardet-Biedl syndrome,BBIP1
MONDO_0015229,ENSG00000174483,genetic_association,orphanet,0.6079308,1,Bardet-Biedl syndrome,BBS1
MONDO_0015229,ENSG00000174483,genetic_association,eva,0.9427679,503,Bardet-Biedl syndrome,BBS1
MONDO_0015229,ENSG00000174483,genetic_association,uniprot_literature,0.6079308,1,Bardet-Biedl syndrome,BBS1
MONDO_0015229,ENSG00000174483,genetic_association,uniprot_variants,0.9421515,10,Bardet-Biedl syndrome,BBS1
MONDO_0015229,ENSG00000174483,genetic_association,eva,0.9394901,239,Bardet-Biedl syndrome,BBS1
MONDO_0015229,ENSG00000174483,genetic_association,gene2phenotype,0.7599135,2,Bardet-Biedl syndrome,BBS1
MONDO_0015229,ENSG00000174483,genetic_association,genomics_england,0.9492866,12,Bardet-Biedl syndrome,BBS1
MONDO_0015229,ENSG00000179941,genetic_association,orphanet,0.6079308,1,Bardet-Biedl syndrome,BBS10
MONDO_0015229,ENSG00000179941,genetic_association,eva,0.9440591,434,Bardet-Biedl syndrome,BBS10
MONDO_0015229,ENSG00000179941,genetic_association,uniprot_literature,0.6079308,1,Bardet-Biedl syndrome,BBS10
MONDO_0015229,ENSG00000179941,genetic_association,uniprot_variants,0.9671529,18,Bardet-Biedl syndrome,BBS10
MONDO_0015229,ENSG00000179941,genetic_association,eva,0.813479,6,Bardet-Biedl syndrome,BBS10
MONDO_0015229,ENSG00000179941,genetic_association,eva,0.9399737,230,Bardet-Biedl syndrome,BBS10
MONDO_0015229,ENSG00000179941,genetic_association,gene2phenotype,0.7599135,2,Bardet-Biedl syndrome,BBS10
MONDO_0015229,ENSG00000179941,genetic_association,genomics_england,0.6079308,1,Bardet-Biedl syndrome,BBS10
MONDO_0015229,ENSG00000179941,genetic_association,genomics_england,0.9285669,8,Bardet-Biedl syndrome,BBS10
MONDO_0015229,ENSG00000181004,genetic_association,orphanet,0.6079308,1,Bardet-Biedl syndrome,BBS12
MONDO_0015229,ENSG00000181004,genetic_association,eva,0.9319499,400,Bardet-Biedl syndrome,BBS12
MONDO_0015229,ENSG00000181004,genetic_association,uniprot_literature,0.6079308,1,Bardet-Biedl syndrome,BBS12
MONDO_0015229,ENSG00000181004,genetic_association,uniprot_variants,0.9421515,10,Bardet-Biedl syndrome,BBS12
MONDO_0015229,ENSG00000181004,genetic_association,eva,0.9311902,177,Bardet-Biedl syndrome,BBS12
MONDO_0015229,ENSG00000181004,genetic_association,gene2phenotype,0.7599135,2,Bardet-Biedl syndrome,BBS12
MONDO_0015229,ENSG00000181004,genetic_association,genomics_england,0.6079308,1,Bardet-Biedl syndrome,BBS12
MONDO_0015229,ENSG00000181004,genetic_association,genomics_england,0.9285669,8,Bardet-Biedl syndrome,BBS12
MONDO_0015229,ENSG00000125124,genetic_association,genomics_england,0.9285669,8,Bardet-Biedl syndrome,BBS2
MONDO_0015229,ENSG00000125124,genetic_association,orphanet,0.6079308,1,Bardet-Biedl syndrome,BBS2
MONDO_0015229,ENSG00000125124,genetic_association,eva,0.9458375,746,Bardet-Biedl syndrome,BBS2
MONDO_0015229,ENSG00000125124,genetic_association,genomics_england,0.6079308,1,Bardet-Biedl syndrome,BBS2
MONDO_0015229,ENSG00000140463,genetic_association,orphanet,0.6079308,1,Bardet-Biedl syndrome,BBS4
MONDO_0015229,ENSG00000140463,genetic_association,eva,0.9259873,295,Bardet-Biedl syndrome,BBS4
MONDO_0015229,ENSG00000140463,genetic_association,uniprot_literature,0.6079308,1,Bardet-Biedl syndrome,BBS4
MONDO_0015229,ENSG00000140463,genetic_association,uniprot_variants,0.865457,4,Bardet-Biedl syndrome,BBS4
MONDO_0015229,ENSG00000140463,genetic_association,eva,0.8873931,82,Bardet-Biedl syndrome,BBS4
MONDO_0015229,ENSG00000140463,genetic_association,gene2phenotype,0.7599135,2,Bardet-Biedl syndrome,BBS4
MONDO_0015229,ENSG00000140463,genetic_association,genomics_england,0.6079308,1,Bardet-Biedl syndrome,BBS4
MONDO_0015229,ENSG00000140463,genetic_association,genomics_england,0.9285669,8,Bardet-Biedl syndrome,BBS4
MONDO_0015229,ENSG00000163093,genetic_association,orphanet,0.6079308,1,Bardet-Biedl syndrome,BBS5
MONDO_0015229,ENSG00000163093,genetic_association,eva,0.9010507,150,Bardet-Biedl syndrome,BBS5
MONDO_0015229,ENSG00000163093,genetic_association,uniprot_literature,0.6079308,1,Bardet-Biedl syndrome,BBS5
MONDO_0015229,ENSG00000163093,genetic_association,uniprot_variants,0.7599135,2,Bardet-Biedl syndrome,BBS5
MONDO_0015229,ENSG00000163093,genetic_association,eva,0.9134649,23,Bardet-Biedl syndrome,BBS5
MONDO_0015229,ENSG00000163093,genetic_association,gene2phenotype,0.7599135,2,Bardet-Biedl syndrome,BBS5
MONDO_0015229,ENSG00000163093,genetic_association,genomics_england,0.6079308,1,Bardet-Biedl syndrome,BBS5
MONDO_0015229,ENSG00000163093,genetic_association,genomics_england,0.9285669,8,Bardet-Biedl syndrome,BBS5
MONDO_0015229,ENSG00000138686,genetic_association,orphanet,0.6079308,1,Bardet-Biedl syndrome,BBS7
MONDO_0015229,ENSG00000138686,genetic_association,eva,0.9294055,342,Bardet-Biedl syndrome,BBS7
MONDO_0015229,ENSG00000138686,genetic_association,uniprot_literature,0.6079308,1,Bardet-Biedl syndrome,BBS7
MONDO_0015229,ENSG00000138686,genetic_association,uniprot_variants,0.865457,4,Bardet-Biedl syndrome,BBS7
MONDO_0015229,ENSG00000138686,genetic_association,eva,0.8948365,81,Bardet-Biedl syndrome,BBS7
MONDO_0015229,ENSG00000138686,genetic_association,gene2phenotype,0.7599135,2,Bardet-Biedl syndrome,BBS7
MONDO_0015229,ENSG00000138686,genetic_association,genomics_england,0.6079308,1,Bardet-Biedl syndrome,BBS7
MONDO_0015229,ENSG00000138686,genetic_association,genomics_england,0.919068,7,Bardet-Biedl syndrome,BBS7
MONDO_0015229,ENSG00000122507,genetic_association,orphanet,0.6079308,1,Bardet-Biedl syndrome,BBS9
MONDO_0015229,ENSG00000122507,genetic_association,eva,0.907486,398,Bardet-Biedl syndrome,BBS9
MONDO_0015229,ENSG00000122507,genetic_association,uniprot_variants,0.6079308,1,Bardet-Biedl syndrome,BBS9
MONDO_0015229,ENSG00000122507,genetic_association,eva,0.8960583,114,Bardet-Biedl syndrome,BBS9
MONDO_0015229,ENSG00000122507,genetic_association,gene2phenotype,0.7599135,2,Bardet-Biedl syndrome,BBS9
MONDO_0015229,ENSG00000122507,genetic_association,genomics_england,0.6079308,1,Bardet-Biedl syndrome,BBS9
MONDO_0015229,ENSG00000122507,genetic_association,genomics_england,0.9285669,8,Bardet-Biedl syndrome,BBS9
MONDO_0015229,ENSG00000160050,genetic_association,uniprot_literature,0.6079308,1,Bardet-Biedl syndrome,CCDC28B
MONDO_0015229,ENSG00000174007,genetic_association,orphanet,0.6079308,1,Bardet-Biedl syndrome,CEP19
MONDO_0015229,ENSG00000198707,genetic_association,genomics_england,0.8274614,3,Bardet-Biedl syndrome,CEP290
MONDO_0015229,ENSG00000198707,genetic_association,orphanet,0.6079308,1,Bardet-Biedl syndrome,CEP290
MONDO_0015229,ENSG00000198707,genetic_association,eva,0.9031782,197,Bardet-Biedl syndrome,CEP290
MONDO_0015229,ENSG00000198707,genetic_association,genomics_england,0.6079308,1,Bardet-Biedl syndrome,CEP290
MONDO_0015229,ENSG00000156172,genetic_association,orphanet,0.6079308,1,Bardet-Biedl syndrome,CFAP418
MONDO_0015229,ENSG00000156172,genetic_association,eva,0.8068052,6,Bardet-Biedl syndrome,CFAP418
MONDO_0015229,ENSG00000138002,genetic_association,orphanet,0.6079308,1,Bardet-Biedl syndrome,IFT172
MONDO_0015229,ENSG00000100360,genetic_association,genomics_england,0.6839221,2,Bardet-Biedl syndrome,IFT27
MONDO_0015229,ENSG00000100360,genetic_association,orphanet,0.6079308,1,Bardet-Biedl syndrome,IFT27
MONDO_0015229,ENSG00000100360,genetic_association,eva,0.831728,8,Bardet-Biedl syndrome,IFT27
MONDO_0015229,ENSG00000096872,genetic_association,orphanet,0.6079308,1,Bardet-Biedl syndrome,IFT74
MONDO_0015229,ENSG00000163818,genetic_association,gene2phenotype,0.6079308,1,Bardet-Biedl syndrome,LZTFL1
MONDO_0015229,ENSG00000163818,genetic_association,genomics_england,0.941624,11,Bardet-Biedl syndrome,LZTFL1
MONDO_0015229,ENSG00000163818,genetic_association,orphanet,0.6079308,1,Bardet-Biedl syndrome,LZTFL1
MONDO_0015229,ENSG00000125863,genetic_association,genomics_england,0.9066612,6,Bardet-Biedl syndrome,MKKS
MONDO_0015229,ENSG00000125863,genetic_association,orphanet,0.6079308,1,Bardet-Biedl syndrome,MKKS
MONDO_0015229,ENSG00000125863,genetic_association,eva,0.9124323,294,Bardet-Biedl syndrome,MKKS
MONDO_0015229,ENSG00000125863,genetic_association,genomics_england,0.6079308,1,Bardet-Biedl syndrome,MKKS
MONDO_0015229,ENSG00000285508,genetic_association,genomics_england,0.9066612,6,Bardet-Biedl syndrome,MKKS
MONDO_0015229,ENSG00000285508,genetic_association,genomics_england,0.6079308,1,Bardet-Biedl syndrome,MKKS
MONDO_0015229,ENSG00000285723,genetic_association,genomics_england,0.9066612,6,Bardet-Biedl syndrome,MKKS
MONDO_0015229,ENSG00000285723,genetic_association,genomics_england,0.6079308,1,Bardet-Biedl syndrome,MKKS
MONDO_0015229,ENSG00000011143,genetic_association,genomics_england,0.9421515,10,Bardet-Biedl syndrome,MKS1
MONDO_0015229,ENSG00000011143,genetic_association,orphanet,0.6079308,1,Bardet-Biedl syndrome,MKS1
MONDO_0015229,ENSG00000011143,genetic_association,eva,0.8851009,128,Bardet-Biedl syndrome,MKS1
MONDO_0015229,ENSG00000011143,genetic_association,genomics_england,0.6079308,1,Bardet-Biedl syndrome,MKS1
MONDO_0015229,ENSG00000144061,genetic_association,orphanet,0.6079308,1,Bardet-Biedl syndrome,NPHP1
MONDO_0015229,ENSG00000140386,genetic_association,orphanet,0.6079308,1,Bardet-Biedl syndrome,SCAPER
MONDO_0015229,ENSG00000054282,genetic_association,uniprot_literature,0.6079308,1,Bardet-Biedl syndrome,SDCCAG8
MONDO_0015229,ENSG00000054282,genetic_association,genomics_england,0.8897743,5,Bardet-Biedl syndrome,SDCCAG8
MONDO_0015229,ENSG00000054282,genetic_association,genomics_england,0.8274614,3,Bardet-Biedl syndrome,SDCCAG8
MONDO_0015229,ENSG00000054282,genetic_association,orphanet,0.6079308,1,Bardet-Biedl syndrome,SDCCAG8
MONDO_0015229,ENSG00000054282,genetic_association,eva,0.9249416,360,Bardet-Biedl syndrome,SDCCAG8
MONDO_0015229,ENSG00000164953,genetic_association,eva,0.8449751,9,Bardet-Biedl syndrome,TMEM67
MONDO_0015229,ENSG00000164953,genetic_association,genomics_england,0.6079308,1,Bardet-Biedl syndrome,TMEM67
MONDO_0015229,ENSG00000119401,genetic_association,orphanet,0.6079308,1,Bardet-Biedl syndrome,TRIM32
MONDO_0015229,ENSG00000119401,genetic_association,eva,0.9005043,403,Bardet-Biedl syndrome,TRIM32
MONDO_0015229,ENSG00000119401,genetic_association,genomics_england,0.6079308,1,Bardet-Biedl syndrome,TRIM32
MONDO_0015229,ENSG00000165533,genetic_association,genomics_england,0.9285669,8,Bardet-Biedl syndrome,TTC8
MONDO_0015229,ENSG00000165533,genetic_association,orphanet,0.6079308,1,Bardet-Biedl syndrome,TTC8
MONDO_0015229,ENSG00000165533,genetic_association,eva,0.9228949,288,Bardet-Biedl syndrome,TTC8
MONDO_0015229,ENSG00000165533,genetic_association,genomics_england,0.6079308,1,Bardet-Biedl syndrome,TTC8
MONDO_0015229,ENSG00000143951,genetic_association,genomics_england,0.6079308,1,Bardet-Biedl syndrome,WDPCP
MONDO_0015229,ENSG00000143951,genetic_association,orphanet,0.6079308,1,Bardet-Biedl syndrome,WDPCP
MONDO_0015229,ENSG00000143951,genetic_association,eva,0.896305,415,Bardet-Biedl syndrome,WDPCP
MONDO_0015229,ENSG00000143951,genetic_association,genomics_england,0.6079308,1,Bardet-Biedl syndrome,WDPCP
MONDO_0015993,ENSG00000198691,genetic_association,gene2phenotype,0.6079308,1,cone-rod dystrophy,ABCA4
MONDO_0015993,ENSG00000198691,genetic_association,eva,0.8916924,21,cone-rod dystrophy,ABCA4
MONDO_0015993,ENSG00000168615,genetic_association,gene2phenotype,0.6079308,1,cone-rod dystrophy,ADAM9
MONDO_0015993,ENSG00000129221,genetic_association,genomics_england,0.8126853,4,cone-rod dystrophy,AIPL1
MONDO_0015993,ENSG00000138175,genetic_association,genomics_england,0.6839221,2,cone-rod dystrophy,ARL3
MONDO_0015993,ENSG00000102001,genetic_association,genomics_england,0.8274614,3,cone-rod dystrophy,CACNA1F
MONDO_0015993,ENSG00000102001,genetic_association,uniprot_literature,0.6079308,1,cone-rod dystrophy,CACNA1F
MONDO_0015993,ENSG00000132518,genetic_association,gene2phenotype,0.6079308,1,cone-rod dystrophy,GUCY2D
MONDO_0015993,ENSG00000007062,genetic_association,eva,0.8333043,6,cone-rod dystrophy,PROM1
MONDO_0015993,ENSG00000112619,genetic_association,eva,0.8613468,87,cone-rod dystrophy,PRPH2
MONDO_0015993,ENSG00000156313,genetic_association,uniprot_literature,0.6079308,1,cone-rod dystrophy,RPGR
MONDO_0015993,ENSG00000042781,genetic_association,eva,0.8199198,7,cone-rod dystrophy,USH2A
MONDO_0009032,ENSG00000163913,genetic_association,clingen,0.6079308,1,cranioectodermal dysplasia,IFT122
MONDO_0009032,ENSG00000163913,genetic_association,eva,0.8957231,298,cranioectodermal dysplasia,IFT122
MONDO_0009032,ENSG00000163913,genetic_association,orphanet,0.6079308,1,cranioectodermal dysplasia,IFT122
MONDO_0009032,ENSG00000163913,genetic_association,gene2phenotype,0.7599135,2,cranioectodermal dysplasia,IFT122
MONDO_0009032,ENSG00000163913,genetic_association,genomics_england,0.9580964,14,cranioectodermal dysplasia,IFT122
MONDO_0009032,ENSG00000119650,genetic_association,orphanet,0.6079308,1,cranioectodermal dysplasia,IFT43
MONDO_0009032,ENSG00000119650,genetic_association,genomics_england,0.9391119,10,cranioectodermal dysplasia,IFT43
MONDO_0009032,ENSG00000101052,genetic_association,orphanet,0.6079308,1,cranioectodermal dysplasia,IFT52
MONDO_0009032,ENSG00000157796,genetic_association,eva,0.861188,109,cranioectodermal dysplasia,WDR19
MONDO_0009032,ENSG00000157796,genetic_association,orphanet,0.6079308,1,cranioectodermal dysplasia,WDR19
MONDO_0009032,ENSG00000157796,genetic_association,gene2phenotype,0.7599135,2,cranioectodermal dysplasia,WDR19
MONDO_0009032,ENSG00000157796,genetic_association,genomics_england,0.919068,7,cranioectodermal dysplasia,WDR19
MONDO_0009032,ENSG00000118965,genetic_association,clingen,0.6079308,1,cranioectodermal dysplasia,WDR35
MONDO_0009032,ENSG00000118965,genetic_association,eva,0.9041342,413,cranioectodermal dysplasia,WDR35
MONDO_0009032,ENSG00000118965,genetic_association,orphanet,0.6079308,1,cranioectodermal dysplasia,WDR35
MONDO_0009032,ENSG00000118965,genetic_association,gene2phenotype,0.6079308,1,cranioectodermal dysplasia,WDR35
MONDO_0009032,ENSG00000118965,genetic_association,genomics_england,0.9549947,13,cranioectodermal dysplasia,WDR35
MONDO_0009162,ENSG00000138036,genetic_association,uniprot_literature,0.6079308,1,Ellis-van Creveld syndrome,DYNC2LI1
MONDO_0009162,ENSG00000138036,genetic_association,uniprot_variants,0.7599135,2,Ellis-van Creveld syndrome,DYNC2LI1
MONDO_0009162,ENSG00000138036,genetic_association,gene2phenotype,0.6079308,1,Ellis-van Creveld syndrome,DYNC2LI1
MONDO_0009162,ENSG00000138036,genetic_association,genomics_england,0.865457,4,Ellis-van Creveld syndrome,DYNC2LI1
MONDO_0009162,ENSG00000072840,genetic_association,eva,0.9438554,1135,Ellis-van Creveld syndrome,EVC
MONDO_0009162,ENSG00000072840,genetic_association,uniprot_literature,0.6079308,1,Ellis-van Creveld syndrome,EVC
MONDO_0009162,ENSG00000072840,genetic_association,uniprot_variants,0.8274614,3,Ellis-van Creveld syndrome,EVC
MONDO_0009162,ENSG00000072840,genetic_association,genomics_england,0.9421515,10,Ellis-van Creveld syndrome,EVC
MONDO_0009162,ENSG00000173040,genetic_association,eva,0.9421671,1068,Ellis-van Creveld syndrome,EVC2
MONDO_0009162,ENSG00000173040,genetic_association,uniprot_literature,0.6079308,1,Ellis-van Creveld syndrome,EVC2
MONDO_0009162,ENSG00000173040,genetic_association,uniprot_variants,0.7599135,2,Ellis-van Creveld syndrome,EVC2
MONDO_0009162,ENSG00000173040,genetic_association,genomics_england,0.9285669,8,Ellis-van Creveld syndrome,EVC2
MONDO_0006037,ENSG00000198331,genetic_association,genomics_england,0.919068,7,hydrolethalus syndrome,HYLS1
MONDO_0006037,ENSG00000166813,genetic_association,uniprot_literature,0.6079308,1,hydrolethalus syndrome,KIF7
MONDO_0006037,ENSG00000166813,genetic_association,genomics_england,0.7599135,2,hydrolethalus syndrome,KIF7
MONDO_0018342,ENSG00000104218,genetic_association,genomics_england,0.7936874,3,Joubert syndrome with Jeune asphyxiating thoracic dystrophy,CSPP1
MONDO_0018342,ENSG00000104218,genetic_association,orphanet,0.6079308,1,Joubert syndrome with Jeune asphyxiating thoracic dystrophy,CSPP1
MONDO_0018342,ENSG00000100578,genetic_association,orphanet,0.6079308,1,Joubert syndrome with Jeune asphyxiating thoracic dystrophy,KIAA0586
MONDO_0016364,ENSG00000135541,genetic_association,genomics_england,0.919068,7,Joubert syndrome with ocular defect,AHI1
MONDO_0016364,ENSG00000135541,genetic_association,eva,0.9397564,194,Joubert syndrome with ocular defect,AHI1
MONDO_0016364,ENSG00000135541,genetic_association,orphanet,0.6079308,1,Joubert syndrome with ocular defect,AHI1
MONDO_0016364,ENSG00000135541,genetic_association,clingen,0.6079308,1,Joubert syndrome with ocular defect,AHI1
MONDO_0016364,ENSG00000198707,genetic_association,Ruxandra,1,1,Joubert syndrome with ocular defect,CEP290
MONDO_0016364,ENSG00000148384,genetic_association,orphanet,0.6079308,1,Joubert syndrome with ocular defect,INPP5E
MONDO_0016364,ENSG00000011143,genetic_association,orphanet,0.6079308,1,Joubert syndrome with ocular defect,MKS1
MONDO_0016364,ENSG00000205084,genetic_association,gene2phenotype,0.6079308,1,Joubert syndrome with ocular defect,TMEM231
MONDO_0016364,ENSG00000205084,genetic_association,genomics_england,0.9360722,9,Joubert syndrome with ocular defect,TMEM231
MONDO_0016364,ENSG00000205084,genetic_association,eva,0.8986336,208,Joubert syndrome with ocular defect,TMEM231
MONDO_0012308,ENSG00000144061,genetic_association,eva,0.8285181,57,Joubert syndrome with renal defect,NPHP1
MONDO_0012308,ENSG00000144061,genetic_association,orphanet,0.6079308,1,Joubert syndrome with renal defect,NPHP1
MONDO_0012308,ENSG00000144061,genetic_association,uniprot_literature,0.6079308,1,Joubert syndrome with renal defect,NPHP1
MONDO_0012308,ENSG00000144061,genetic_association,gene2phenotype,0.6079308,1,Joubert syndrome with renal defect,NPHP1
MONDO_0012308,ENSG00000144061,genetic_association,genomics_england,0.919068,7,Joubert syndrome with renal defect,NPHP1
MONDO_0012308,ENSG00000103494,genetic_association,orphanet,0.6079308,1,Joubert syndrome with renal defect,RPGRIP1L
MONDO_0012308,ENSG00000103494,genetic_association,uniprot_literature,0.6079308,1,Joubert syndrome with renal defect,RPGRIP1L
MONDO_0012308,ENSG00000103494,genetic_association,uniprot_variants,0.9066612,6,Joubert syndrome with renal defect,RPGRIP1L
MONDO_0012308,ENSG00000103494,genetic_association,genomics_england,0.6079308,1,Joubert syndrome with renal defect,RPGRIP1L
MONDO_0012308,ENSG00000155755,genetic_association,orphanet,0.6079308,1,Joubert syndrome with renal defect,TMEM237
MONDO_0012308,ENSG00000155755,genetic_association,uniprot_literature,0.6079308,1,Joubert syndrome with renal defect,TMEM237
MONDO_0018998,ENSG00000198691,genetic_association,genomics_england,0.7599135,2,Leber congenital amaurosis,ABCA4
MONDO_0018998,ENSG00000129221,genetic_association,orphanet,0.6079308,1,Leber congenital amaurosis,AIPL1
MONDO_0018998,ENSG00000129221,genetic_association,gene2phenotype,0.7599135,2,Leber congenital amaurosis,AIPL1
MONDO_0018998,ENSG00000129221,genetic_association,genomics_england,0.9044211,7,Leber congenital amaurosis,AIPL1
MONDO_0018998,ENSG00000129221,genetic_association,eva,0.9327085,328,Leber congenital amaurosis,AIPL1
MONDO_0018998,ENSG00000116127,genetic_association,eva,0.8603306,10,Leber congenital amaurosis,ALMS1
MONDO_0018998,ENSG00000166226,genetic_association,gene2phenotype,0.6079308,1,Leber congenital amaurosis,CCT2
MONDO_0018998,ENSG00000198707,genetic_association,orphanet,0.6079308,1,Leber congenital amaurosis,CEP290
MONDO_0018998,ENSG00000198707,genetic_association,genomics_england,0.9066612,6,Leber congenital amaurosis,CEP290
MONDO_0018998,ENSG00000198707,genetic_association,eva,0.9387615,553,Leber congenital amaurosis,CEP290
MONDO_0018998,ENSG00000103351,genetic_association,gene2phenotype,0.6079308,1,Leber congenital amaurosis,CLUAP1
MONDO_0018998,ENSG00000134376,genetic_association,orphanet,0.6079308,1,Leber congenital amaurosis,CRB1
MONDO_0018998,ENSG00000134376,genetic_association,genomics_england,0.8464592,4,Leber congenital amaurosis,CRB1
MONDO_0018998,ENSG00000134376,genetic_association,eva,0.9413685,1272,Leber congenital amaurosis,CRB1
MONDO_0018998,ENSG00000105392,genetic_association,orphanet,0.6079308,1,Leber congenital amaurosis,CRX
MONDO_0018998,ENSG00000105392,genetic_association,genomics_england,0.8274614,3,Leber congenital amaurosis,CRX
MONDO_0018998,ENSG00000105392,genetic_association,eva,0.910037,360,Leber congenital amaurosis,CRX
MONDO_0018998,ENSG00000156466,genetic_association,orphanet,0.6079308,1,Leber congenital amaurosis,GDF6
MONDO_0018998,ENSG00000156466,genetic_association,genomics_england,0.6839221,2,Leber congenital amaurosis,GDF6
MONDO_0018998,ENSG00000204120,genetic_association,eva,0.8564033,64,Leber congenital amaurosis,GIGYF2
MONDO_0018998,ENSG00000132518,genetic_association,orphanet,0.6079308,1,Leber congenital amaurosis,GUCY2D
MONDO_0018998,ENSG00000132518,genetic_association,gene2phenotype,0.6079308,1,Leber congenital amaurosis,GUCY2D
MONDO_0018998,ENSG00000132518,genetic_association,genomics_england,0.6079308,1,Leber congenital amaurosis,GUCY2D
MONDO_0018998,ENSG00000132518,genetic_association,eva,0.9167487,716,Leber congenital amaurosis,GUCY2D
MONDO_0018998,ENSG00000187535,genetic_association,orphanet,0.6079308,1,Leber congenital amaurosis,IFT140
MONDO_0018998,ENSG00000106348,genetic_association,orphanet,0.6079308,1,Leber congenital amaurosis,IMPDH1
MONDO_0018998,ENSG00000106348,genetic_association,genomics_england,0.7599135,2,Leber congenital amaurosis,IMPDH1
MONDO_0018998,ENSG00000173226,genetic_association,orphanet,0.6079308,1,Leber congenital amaurosis,IQCB1
MONDO_0018998,ENSG00000173226,genetic_association,gene2phenotype,0.6079308,1,Leber congenital amaurosis,IQCB1
MONDO_0018998,ENSG00000173226,genetic_association,genomics_england,0.6079308,1,Leber congenital amaurosis,IQCB1
MONDO_0018998,ENSG00000173226,genetic_association,eva,0.8291669,6,Leber congenital amaurosis,IQCB1
MONDO_0018998,ENSG00000115474,genetic_association,orphanet,0.6079308,1,Leber congenital amaurosis,KCNJ13
MONDO_0018998,ENSG00000115474,genetic_association,gene2phenotype,0.6079308,1,Leber congenital amaurosis,KCNJ13
MONDO_0018998,ENSG00000115474,genetic_association,genomics_england,0.7599135,2,Leber congenital amaurosis,KCNJ13
MONDO_0018998,ENSG00000115474,genetic_association,eva,0.8564033,64,Leber congenital amaurosis,KCNJ13
MONDO_0018998,ENSG00000135338,genetic_association,orphanet,0.6079308,1,Leber congenital amaurosis,LCA5
MONDO_0018998,ENSG00000135338,genetic_association,gene2phenotype,0.6079308,1,Leber congenital amaurosis,LCA5
MONDO_0018998,ENSG00000135338,genetic_association,genomics_england,0.7599135,2,Leber congenital amaurosis,LCA5
MONDO_0018998,ENSG00000135338,genetic_association,eva,0.9230665,200,Leber congenital amaurosis,LCA5
MONDO_0018998,ENSG00000121207,genetic_association,orphanet,0.6079308,1,Leber congenital amaurosis,LRAT
MONDO_0018998,ENSG00000121207,genetic_association,gene2phenotype,0.7599135,2,Leber congenital amaurosis,LRAT
MONDO_0018998,ENSG00000121207,genetic_association,genomics_england,0.8586178,5,Leber congenital amaurosis,LRAT
MONDO_0018998,ENSG00000121207,genetic_association,eva,0.8765612,125,Leber congenital amaurosis,LRAT
MONDO_0018998,ENSG00000153208,genetic_association,genomics_england,0.6079308,1,Leber congenital amaurosis,MERTK
MONDO_0018998,ENSG00000173614,genetic_association,orphanet,0.6079308,1,Leber congenital amaurosis,NMNAT1
MONDO_0018998,ENSG00000173614,genetic_association,gene2phenotype,0.7599135,2,Leber congenital amaurosis,NMNAT1
MONDO_0018998,ENSG00000173614,genetic_association,genomics_england,0.8274614,3,Leber congenital amaurosis,NMNAT1
MONDO_0018998,ENSG00000173614,genetic_association,eva,0.9325611,140,Leber congenital amaurosis,NMNAT1
MONDO_0018998,ENSG00000161217,genetic_association,orphanet,0.6079308,1,Leber congenital amaurosis,PCYT1A
MONDO_0018998,ENSG00000112619,genetic_association,gene2phenotype,0.6079308,1,Leber congenital amaurosis,PRPH2
MONDO_0018998,ENSG00000198570,genetic_association,orphanet,0.6079308,1,Leber congenital amaurosis,RD3
MONDO_0018998,ENSG00000198570,genetic_association,gene2phenotype,0.6079308,1,Leber congenital amaurosis,RD3
MONDO_0018998,ENSG00000198570,genetic_association,genomics_england,0.7599135,2,Leber congenital amaurosis,RD3
MONDO_0018998,ENSG00000198570,genetic_association,eva,0.8695587,201,Leber congenital amaurosis,RD3
MONDO_0018998,ENSG00000139988,genetic_association,orphanet,0.6079308,1,Leber congenital amaurosis,RDH12
MONDO_0018998,ENSG00000139988,genetic_association,gene2phenotype,0.6079308,1,Leber congenital amaurosis,RDH12
MONDO_0018998,ENSG00000139988,genetic_association,genomics_england,0.6079308,1,Leber congenital amaurosis,RDH12
MONDO_0018998,ENSG00000139988,genetic_association,eva,0.9442656,360,Leber congenital amaurosis,RDH12
MONDO_0018998,ENSG00000116745,genetic_association,orphanet,0.6079308,1,Leber congenital amaurosis,RPE65
MONDO_0018998,ENSG00000116745,genetic_association,gene2phenotype,0.7599135,2,Leber congenital amaurosis,RPE65
MONDO_0018998,ENSG00000116745,genetic_association,genomics_england,0.865457,4,Leber congenital amaurosis,RPE65
MONDO_0018998,ENSG00000116745,genetic_association,eva,0.9447969,669,Leber congenital amaurosis,RPE65
MONDO_0018998,ENSG00000092200,genetic_association,orphanet,0.6079308,1,Leber congenital amaurosis,RPGRIP1
MONDO_0018998,ENSG00000092200,genetic_association,gene2phenotype,0.7599135,2,Leber congenital amaurosis,RPGRIP1
MONDO_0018998,ENSG00000092200,genetic_association,genomics_england,0.865457,4,Leber congenital amaurosis,RPGRIP1
MONDO_0018998,ENSG00000092200,genetic_association,eva,0.94279,748,Leber congenital amaurosis,RPGRIP1
MONDO_0018998,ENSG00000042317,genetic_association,orphanet,0.6079308,1,Leber congenital amaurosis,SPATA7
MONDO_0018998,ENSG00000042317,genetic_association,gene2phenotype,0.6079308,1,Leber congenital amaurosis,SPATA7
MONDO_0018998,ENSG00000042317,genetic_association,genomics_england,0.7599135,2,Leber congenital amaurosis,SPATA7
MONDO_0018998,ENSG00000042317,genetic_association,eva,0.9077341,281,Leber congenital amaurosis,SPATA7
MONDO_0018998,ENSG00000112041,genetic_association,orphanet,0.6079308,1,Leber congenital amaurosis,TULP1
MONDO_0018998,ENSG00000112041,genetic_association,genomics_england,0.7599135,2,Leber congenital amaurosis,TULP1
MONDO_0018998,ENSG00000112041,genetic_association,eva,0.905491,87,Leber congenital amaurosis,TULP1
MONDO_0018998,ENSG00000123552,genetic_association,orphanet,0.6079308,1,Leber congenital amaurosis,USP45
MONDO_0018998,ENSG00000123552,genetic_association,gene2phenotype,0.6079308,1,Leber congenital amaurosis,USP45
MONDO_0018921,ENSG00000108641,genetic_association,eva,0.8258366,111,Meckel syndrome,B9D1
MONDO_0018921,ENSG00000108641,genetic_association,orphanet,0.6079308,1,Meckel syndrome,B9D1
MONDO_0018921,ENSG00000123810,genetic_association,genomics_england,0.9285669,8,Meckel syndrome,B9D2
MONDO_0018921,ENSG00000123810,genetic_association,orphanet,0.6079308,1,Meckel syndrome,B9D2
MONDO_0018921,ENSG00000048342,genetic_association,genomics_england,0.9285669,8,Meckel syndrome,CC2D2A
MONDO_0018921,ENSG00000048342,genetic_association,eva,0.9410883,954,Meckel syndrome,CC2D2A
MONDO_0018921,ENSG00000048342,genetic_association,orphanet,0.6079308,1,Meckel syndrome,CC2D2A
MONDO_0018921,ENSG00000198707,genetic_association,genomics_england,0.865457,4,Meckel syndrome,CEP290
MONDO_0018921,ENSG00000198707,genetic_association,eva,0.9188967,1993,Meckel syndrome,CEP290
MONDO_0018921,ENSG00000198707,genetic_association,orphanet,0.6079308,1,Meckel syndrome,CEP290
MONDO_0018921,ENSG00000104218,genetic_association,genomics_england,0.9513975,12,Meckel syndrome,CSPP1
MONDO_0018921,ENSG00000104218,genetic_association,orphanet,0.6079308,1,Meckel syndrome,CSPP1
MONDO_0018921,ENSG00000011143,genetic_association,genomics_england,0.9285669,8,Meckel syndrome,MKS1
MONDO_0018921,ENSG00000011143,genetic_association,eva,0.9153885,688,Meckel syndrome,MKS1
MONDO_0018921,ENSG00000011143,genetic_association,orphanet,0.6079308,1,Meckel syndrome,MKS1
MONDO_0018921,ENSG00000103494,genetic_association,genomics_england,0.9285669,8,Meckel syndrome,RPGRIP1L
MONDO_0018921,ENSG00000103494,genetic_association,eva,0.9169267,1017,Meckel syndrome,RPGRIP1L
MONDO_0018921,ENSG00000103494,genetic_association,orphanet,0.6079308,1,Meckel syndrome,RPGRIP1L
MONDO_0018921,ENSG00000204852,genetic_association,eva,0.8887347,203,Meckel syndrome,TCTN1
MONDO_0018921,ENSG00000204852,genetic_association,orphanet,0.6079308,1,Meckel syndrome,TCTN1
MONDO_0018921,ENSG00000168778,genetic_association,genomics_england,0.8897743,5,Meckel syndrome,TCTN2
MONDO_0018921,ENSG00000168778,genetic_association,eva,0.8981017,335,Meckel syndrome,TCTN2
MONDO_0018921,ENSG00000168778,genetic_association,orphanet,0.6079308,1,Meckel syndrome,TCTN2
MONDO_0018921,ENSG00000119977,genetic_association,orphanet,0.6079308,1,Meckel syndrome,TCTN3
MONDO_0018921,ENSG00000179029,genetic_association,genomics_england,0.9238174,8,Meckel syndrome,TMEM107
MONDO_0018921,ENSG00000179029,genetic_association,orphanet,0.6079308,1,Meckel syndrome,TMEM107
MONDO_0018921,ENSG00000187049,genetic_association,genomics_england,0.9066612,6,Meckel syndrome,TMEM216
MONDO_0018921,ENSG00000187049,genetic_association,eva,0.895359,65,Meckel syndrome,TMEM216
MONDO_0018921,ENSG00000187049,genetic_association,orphanet,0.6079308,1,Meckel syndrome,TMEM216
MONDO_0018921,ENSG00000205084,genetic_association,genomics_england,0.865457,4,Meckel syndrome,TMEM231
MONDO_0018921,ENSG00000205084,genetic_association,eva,0.901903,209,Meckel syndrome,TMEM231
MONDO_0018921,ENSG00000205084,genetic_association,orphanet,0.6079308,1,Meckel syndrome,TMEM231
MONDO_0018921,ENSG00000155755,genetic_association,orphanet,0.6079308,1,Meckel syndrome,TMEM237
MONDO_0018921,ENSG00000164953,genetic_association,genomics_england,0.9285669,8,Meckel syndrome,TMEM67
MONDO_0018921,ENSG00000164953,genetic_association,eva,0.9148563,485,Meckel syndrome,TMEM67
MONDO_0018921,ENSG00000164953,genetic_association,orphanet,0.6079308,1,Meckel syndrome,TMEM67
MONDO_0018921,ENSG00000113621,genetic_association,genomics_england,0.9066612,6,Meckel syndrome,TXNDC15
MONDO_0018921,ENSG00000113621,genetic_association,orphanet,0.6079308,1,Meckel syndrome,TXNDC15
MONDO_0018921,ENSG00000143951,genetic_association,genomics_england,0.8274614,3,Meckel syndrome,WDPCP
MONDO_0019005,ENSG00000165138,genetic_association,genomics_england,0.6079308,1,nephronophthisis,ANKS6
MONDO_0019005,ENSG00000165138,genetic_association,uniprot_literature,0.6079308,1,nephronophthisis,ANKS6
MONDO_0019005,ENSG00000165138,genetic_association,eva,0.8948848,150,nephronophthisis,ANKS6
MONDO_0019005,ENSG00000165138,genetic_association,clingen,0.6079308,1,nephronophthisis,ANKS6
MONDO_0019005,ENSG00000165138,genetic_association,uniprot_literature,0.6079308,1,nephronophthisis,ANKS6
MONDO_0019005,ENSG00000165138,genetic_association,genomics_england,0.919068,7,nephronophthisis,ANKS6
MONDO_0019005,ENSG00000165138,genetic_association,genomics_england,0.7599135,2,nephronophthisis,ANKS6
MONDO_0019005,ENSG00000133641,genetic_association,eva,0.89394,52,nephronophthisis,C12orf29
MONDO_0019005,ENSG00000198707,genetic_association,eva,0.9187228,1774,nephronophthisis,CEP290
MONDO_0019005,ENSG00000173588,genetic_association,genomics_england,0.9066612,6,nephronophthisis,CEP83
MONDO_0019005,ENSG00000173588,genetic_association,eva,0.9054132,286,nephronophthisis,CEP83
MONDO_0019005,ENSG00000126603,genetic_association,gene2phenotype,0.6079308,1,nephronophthisis,GLIS2
MONDO_0019005,ENSG00000119509,genetic_association,eva,0.9072049,81,nephronophthisis,INVS
MONDO_0019005,ENSG00000119509,genetic_association,genomics_england,0.9285669,8,nephronophthisis,INVS
MONDO_0019005,ENSG00000119509,genetic_association,clingen,0.6079308,1,nephronophthisis,INVS
MONDO_0019005,ENSG00000119509,genetic_association,uniprot_variants,0.6079308,1,nephronophthisis,INVS
MONDO_0019005,ENSG00000119509,genetic_association,genomics_england,0.7599135,2,nephronophthisis,INVS
MONDO_0019005,ENSG00000119509,genetic_association,eva,0.9057136,408,nephronophthisis,INVS
MONDO_0019005,ENSG00000173226,genetic_association,eva,0.9032992,246,nephronophthisis,IQCB1
MONDO_0019005,ENSG00000137802,genetic_association,genomics_england,0.8897743,5,nephronophthisis,MAPKBP1
MONDO_0019005,ENSG00000137802,genetic_association,eva,0.8582705,14,nephronophthisis,MAPKBP1
MONDO_0019005,ENSG00000137802,genetic_association,clingen,0.6079308,1,nephronophthisis,MAPKBP1
MONDO_0019005,ENSG00000137802,genetic_association,orphanet,0.6079308,1,nephronophthisis,MAPKBP1
MONDO_0019005,ENSG00000160602,genetic_association,gene2phenotype,0.6079308,1,nephronophthisis,NEK8
MONDO_0019005,ENSG00000160602,genetic_association,genomics_england,0.8464592,4,nephronophthisis,NEK8
MONDO_0019005,ENSG00000160602,genetic_association,eva,0.8681586,141,nephronophthisis,NEK8
MONDO_0019005,ENSG00000144061,genetic_association,gene2phenotype,0.6079308,1,nephronophthisis,NPHP1
MONDO_0019005,ENSG00000144061,genetic_association,genomics_england,0.9607983,15,nephronophthisis,NPHP1
MONDO_0019005,ENSG00000144061,genetic_association,uniprot_variants,0.6079308,1,nephronophthisis,NPHP1
MONDO_0019005,ENSG00000144061,genetic_association,clingen,0.6079308,1,nephronophthisis,NPHP1
MONDO_0019005,ENSG00000144061,genetic_association,eva,0.8771697,62,nephronophthisis,NPHP1
MONDO_0019005,ENSG00000144061,genetic_association,genomics_england,0.865457,4,nephronophthisis,NPHP1
MONDO_0019005,ENSG00000144061,genetic_association,eva,0.9244287,325,nephronophthisis,NPHP1
MONDO_0019005,ENSG00000113971,genetic_association,genomics_england,0.9531961,13,nephronophthisis,NPHP3
MONDO_0019005,ENSG00000113971,genetic_association,eva,0.9327566,723,nephronophthisis,NPHP3
MONDO_0019005,ENSG00000113971,genetic_association,clingen,0.6079308,1,nephronophthisis,NPHP3
MONDO_0019005,ENSG00000113971,genetic_association,orphanet,0.6079308,1,nephronophthisis,NPHP3
MONDO_0019005,ENSG00000113971,genetic_association,eva,0.9178812,119,nephronophthisis,NPHP3
MONDO_0019005,ENSG00000131697,genetic_association,genomics_england,0.9360722,9,nephronophthisis,NPHP4
MONDO_0019005,ENSG00000131697,genetic_association,eva,0.9140745,1163,nephronophthisis,NPHP4
MONDO_0019005,ENSG00000131697,genetic_association,clingen,0.6079308,1,nephronophthisis,NPHP4
MONDO_0019005,ENSG00000164953,genetic_association,uniprot_variants,0.8274614,3,nephronophthisis,TMEM67
MONDO_0019005,ENSG00000164953,genetic_association,eva,0.8869086,77,nephronophthisis,TMEM67
MONDO_0019005,ENSG00000164953,genetic_association,gene2phenotype,0.6079308,1,nephronophthisis,TMEM67
MONDO_0019005,ENSG00000164953,genetic_association,genomics_england,0.9549947,13,nephronophthisis,TMEM67
MONDO_0019005,ENSG00000164953,genetic_association,genomics_england,0.865457,4,nephronophthisis,TMEM67
MONDO_0019005,ENSG00000123607,genetic_association,genomics_england,0.9513975,12,nephronophthisis,TTC21B
MONDO_0019005,ENSG00000123607,genetic_association,eva,0.9296439,683,nephronophthisis,TTC21B
MONDO_0019005,ENSG00000123607,genetic_association,clingen,0.6079308,1,nephronophthisis,TTC21B
MONDO_0019005,ENSG00000157796,genetic_association,genomics_england,0.9421515,10,nephronophthisis,WDR19
MONDO_0019005,ENSG00000157796,genetic_association,eva,0.8739462,34,nephronophthisis,WDR19
MONDO_0019005,ENSG00000196236,genetic_association,genomics_england,0.916305,18,nephronophthisis,XPNPEP3
MONDO_0019005,ENSG00000196236,genetic_association,eva,0.8626009,195,nephronophthisis,XPNPEP3
MONDO_0019005,ENSG00000196236,genetic_association,orphanet,0.6079308,1,nephronophthisis,XPNPEP3
MONDO_0015375,ENSG00000168014,genetic_association,genomics_england,0.8274614,3,orofaciodigital syndrome,C2CD3
MONDO_0015375,ENSG00000168014,genetic_association,eva,0.8528753,25,orofaciodigital syndrome,C2CD3
MONDO_0015375,ENSG00000168014,genetic_association,orphanet,0.6079308,1,orofaciodigital syndrome,C2CD3
MONDO_0015375,ENSG00000168014,genetic_association,uniprot_variants,0.6079308,1,orofaciodigital syndrome,C2CD3
MONDO_0015375,ENSG00000168014,genetic_association,gene2phenotype,0.6079308,1,orofaciodigital syndrome,C2CD3
MONDO_0015375,ENSG00000168014,genetic_association,genomics_england,0.9238174,8,orofaciodigital syndrome,C2CD3
MONDO_0015375,ENSG00000168014,genetic_association,eva,0.8528753,25,orofaciodigital syndrome,C2CD3
MONDO_0015375,ENSG00000197603,genetic_association,eva,0.9288234,74,orofaciodigital syndrome,CPLANE1
MONDO_0015375,ENSG00000197603,genetic_association,gene2phenotype,0.6079308,1,orofaciodigital syndrome,CPLANE1
MONDO_0015375,ENSG00000197603,genetic_association,orphanet,0.6079308,1,orofaciodigital syndrome,CPLANE1
MONDO_0015375,ENSG00000197603,genetic_association,uniprot_literature,0.6079308,1,orofaciodigital syndrome,CPLANE1
MONDO_0015375,ENSG00000197603,genetic_association,uniprot_variants,0.9066612,6,orofaciodigital syndrome,CPLANE1
MONDO_0015375,ENSG00000118197,genetic_association,genomics_england,0.9378713,11,orofaciodigital syndrome,DDX59
MONDO_0015375,ENSG00000118197,genetic_association,eva,0.8276807,10,orofaciodigital syndrome,DDX59
MONDO_0015375,ENSG00000118197,genetic_association,uniprot_variants,0.7599135,2,orofaciodigital syndrome,DDX59
MONDO_0015375,ENSG00000118197,genetic_association,gene2phenotype,0.6079308,1,orofaciodigital syndrome,DDX59
MONDO_0015375,ENSG00000138286,genetic_association,orphanet,0.6079308,1,orofaciodigital syndrome,FAM149B1
MONDO_0015375,ENSG00000198920,genetic_association,orphanet,0.6079308,1,orofaciodigital syndrome,KIAA0753
MONDO_0015375,ENSG00000166813,genetic_association,orphanet,0.6079308,1,orofaciodigital syndrome,KIF7
MONDO_0015375,ENSG00000046651,genetic_association,orphanet,0.6079308,1,orofaciodigital syndrome,OFD1
MONDO_0015375,ENSG00000046651,genetic_association,gene2phenotype,0.6079308,1,orofaciodigital syndrome,OFD1
MONDO_0015375,ENSG00000046651,genetic_association,genomics_england,0.9580964,14,orofaciodigital syndrome,OFD1
MONDO_0015375,ENSG00000046651,genetic_association,eva,0.910537,345,orofaciodigital syndrome,OFD1
MONDO_0015375,ENSG00000046651,genetic_association,uniprot_literature,0.6079308,1,orofaciodigital syndrome,OFD1
MONDO_0015375,ENSG00000046651,genetic_association,uniprot_variants,0.8897743,5,orofaciodigital syndrome,OFD1
MONDO_0015375,ENSG00000156973,genetic_association,orphanet,0.6079308,1,orofaciodigital syndrome,PDE6D
MONDO_0015375,ENSG00000146350,genetic_association,genomics_england,0.8126853,4,orofaciodigital syndrome,TBC1D32
MONDO_0015375,ENSG00000119977,genetic_association,gene2phenotype,0.6079308,1,orofaciodigital syndrome,TCTN3
MONDO_0015375,ENSG00000119977,genetic_association,genomics_england,0.9607983,15,orofaciodigital syndrome,TCTN3
MONDO_0015375,ENSG00000119977,genetic_association,eva,0.9036466,238,orofaciodigital syndrome,TCTN3
MONDO_0015375,ENSG00000119977,genetic_association,orphanet,0.6079308,1,orofaciodigital syndrome,TCTN3
MONDO_0015375,ENSG00000179029,genetic_association,genomics_england,0.6839221,2,orofaciodigital syndrome,TMEM107
MONDO_0015375,ENSG00000187049,genetic_association,orphanet,0.6079308,1,orofaciodigital syndrome,TMEM216
MONDO_0015375,ENSG00000197579,genetic_association,orphanet,0.6079308,1,orofaciodigital syndrome,TOPORS
MONDO_0015375,ENSG00000143951,genetic_association,genomics_england,0.6079308,1,orofaciodigital syndrome,WDPCP
EFO_0008620,ENSG00000086848,genetic_association,orphanet,0.607930798,1,Polycystic Kidney Disease,ALG9
EFO_0008620,ENSG00000090520,genetic_association,orphanet,0.607930798,1,Polycystic Kidney Disease,DNAJB11
EFO_0008620,ENSG00000090520,genetic_association,uniprot_variants,0.759913497,2,Polycystic Kidney Disease,DNAJB11
EFO_0008620,ENSG00000090520,genetic_association,genomics_england,0.8897743,5,Polycystic Kidney Disease,DNAJB11
EFO_0008620,ENSG00000090520,genetic_association,clingen,0.6079308,1,Polycystic Kidney Disease,DNAJB11
EFO_0008620,ENSG00000090520,genetic_association,eva,0.813527,9,Polycystic Kidney Disease,DNAJB11
EFO_0008620,ENSG00000090520,genetic_association,uniprot_variants,0.7599135,2,Polycystic Kidney Disease,DNAJB11
EFO_0008620,ENSG00000090520,genetic_association,genomics_england,0.7599135,2,Polycystic Kidney Disease,DNAJB11
EFO_0008620,ENSG00000158163,genetic_association,genomics_england,0.7599135,2,Polycystic Kidney Disease,DZIP1L
EFO_0008620,ENSG00000158163,genetic_association,orphanet,0.6079308,1,Polycystic Kidney Disease,DZIP1L
EFO_0008620,ENSG00000158163,genetic_association,clingen,0.6079308,1,Polycystic Kidney Disease,DZIP1L
EFO_0008620,ENSG00000089597,genetic_association,orphanet,0.607930798,1,Polycystic Kidney Disease,GANAB
EFO_0008620,ENSG00000089597,genetic_association,uniprot_literature,0.607930798,1,Polycystic Kidney Disease,GANAB
EFO_0008620,ENSG00000089597,genetic_association,uniprot_variants,0.865457038,4,Polycystic Kidney Disease,GANAB
EFO_0008620,ENSG00000089597,genetic_association,clingen,0.6079308,1,Polycystic Kidney Disease,GANAB
EFO_0008620,ENSG00000089597,genetic_association,uniprot_literature,0.6079308,1,Polycystic Kidney Disease,GANAB
EFO_0008620,ENSG00000089597,genetic_association,uniprot_variants,0.865457,4,Polycystic Kidney Disease,GANAB
EFO_0008620,ENSG00000089597,genetic_association,genomics_england,0.8897743,5,Polycystic Kidney Disease,GANAB
EFO_0008620,ENSG00000187535,genetic_association,clingen,0.607930798,1,Polycystic Kidney Disease,IFT140
EFO_0008620,ENSG00000187535,genetic_association,orphanet,0.607930798,1,Polycystic Kidney Disease,IFT140
EFO_0008620,ENSG00000008710,genetic_association,clingen,0.607930798,1,Polycystic Kidney Disease,PKD1
EFO_0008620,ENSG00000008710,genetic_association,eva,0.909977646,177,Polycystic Kidney Disease,PKD1
EFO_0008620,ENSG00000008710,genetic_association,genomics_england,0.932319566,9,Polycystic Kidney Disease,PKD1
EFO_0008620,ENSG00000008710,genetic_association,orphanet,0.607930798,1,Polycystic Kidney Disease,PKD1
EFO_0008620,ENSG00000008710,genetic_association,gene_burden,0.9847284,43,Polycystic Kidney Disease,PKD1
EFO_0008620,ENSG00000008710,genetic_association,genomics_england,0.6079308,1,Polycystic Kidney Disease,PKD1
EFO_0008620,ENSG00000118762,genetic_association,clingen,0.607930798,1,Polycystic Kidney Disease,PKD2
EFO_0008620,ENSG00000118762,genetic_association,eva,0.933254022,249,Polycystic Kidney Disease,PKD2
EFO_0008620,ENSG00000118762,genetic_association,genomics_england,0.865457038,4,Polycystic Kidney Disease,PKD2
EFO_0008620,ENSG00000118762,genetic_association,orphanet,0.607930798,1,Polycystic Kidney Disease,PKD2
EFO_0008620,ENSG00000118762,genetic_association,uniprot_literature,0.6079308,1,Polycystic Kidney Disease,PKD2
EFO_0008620,ENSG00000118762,genetic_association,uniprot_variants,0.9066612,6,Polycystic Kidney Disease,PKD2
EFO_0008620,ENSG00000118762,genetic_association,eva,0.9431481,225,Polycystic Kidney Disease,PKD2
EFO_0008620,ENSG00000118762,genetic_association,genomics_england,0.9323196,9,Polycystic Kidney Disease,PKD2
EFO_0008620,ENSG00000118762,genetic_association,gene_burden,0.9751115,31,Polycystic Kidney Disease,PKD2
EFO_0008620,ENSG00000118762,genetic_association,genomics_england,0.6079308,1,Polycystic Kidney Disease,PKD2
EFO_0008620,ENSG00000170927,genetic_association,gene2phenotype,0.6079308,1,Polycystic Kidney Disease,PKHD1
EFO_0008620,ENSG00000170927,genetic_association,genomics_england,0.9631731,16,Polycystic Kidney Disease,PKHD1
EFO_0008620,ENSG00000170927,genetic_association,orphanet,0.6079308,1,Polycystic Kidney Disease,PKHD1
EFO_0008620,ENSG00000170927,genetic_association,uniprot_literature,0.6079308,1,Polycystic Kidney Disease,PKHD1
EFO_0008620,ENSG00000170927,genetic_association,uniprot_variants,0.9919541,75,Polycystic Kidney Disease,PKHD1
EFO_0008620,ENSG00000170927,genetic_association,clingen,0.6079308,1,Polycystic Kidney Disease,PKHD1
EFO_0008620,ENSG00000170927,genetic_association,eva,0.9489833,2779,Polycystic Kidney Disease,PKHD1
EFO_0008620,ENSG00000140650,genetic_association,genomics_england,0.6079308,1,Polycystic Kidney Disease,PMM2
MONDO_0017842,ENSG00000110274,genetic_association,orphanet,0.6079308,1,Senior-Loken syndrome,CEP164
MONDO_0017842,ENSG00000110274,genetic_association,gene2phenotype,0.6079308,1,Senior-Loken syndrome,CEP164
MONDO_0017842,ENSG00000110274,genetic_association,genomics_england,0.9421515,10,Senior-Loken syndrome,CEP164
MONDO_0017842,ENSG00000110274,genetic_association,eva,0.9276336,755,Senior-Loken syndrome,CEP164
MONDO_0017842,ENSG00000198707,genetic_association,orphanet,0.6079308,1,Senior-Loken syndrome,CEP290
MONDO_0017842,ENSG00000198707,genetic_association,genomics_england,0.9549947,13,Senior-Loken syndrome,CEP290
MONDO_0017842,ENSG00000198707,genetic_association,eva,0.9030123,188,Senior-Loken syndrome,CEP290
MONDO_0017842,ENSG00000119509,genetic_association,orphanet,0.6079308,1,Senior-Loken syndrome,INVS
MONDO_0017842,ENSG00000119509,genetic_association,genomics_england,0.7599135,2,Senior-Loken syndrome,INVS
MONDO_0017842,ENSG00000173226,genetic_association,orphanet,0.6079308,1,Senior-Loken syndrome,IQCB1
MONDO_0017842,ENSG00000173226,genetic_association,genomics_england,0.9360722,9,Senior-Loken syndrome,IQCB1
MONDO_0017842,ENSG00000173226,genetic_association,eva,0.9242909,75,Senior-Loken syndrome,IQCB1
MONDO_0017842,ENSG00000144061,genetic_association,orphanet,0.6079308,1,Senior-Loken syndrome,NPHP1
MONDO_0017842,ENSG00000144061,genetic_association,genomics_england,0.865457,4,Senior-Loken syndrome,NPHP1
MONDO_0017842,ENSG00000113971,genetic_association,orphanet,0.6079308,1,Senior-Loken syndrome,NPHP3
MONDO_0017842,ENSG00000113971,genetic_association,gene2phenotype,0.6079308,1,Senior-Loken syndrome,NPHP3
MONDO_0017842,ENSG00000113971,genetic_association,genomics_england,0.865457,4,Senior-Loken syndrome,NPHP3
MONDO_0017842,ENSG00000131697,genetic_association,orphanet,0.6079308,1,Senior-Loken syndrome,NPHP4
MONDO_0017842,ENSG00000131697,genetic_association,gene2phenotype,0.6079308,1,Senior-Loken syndrome,NPHP4
MONDO_0017842,ENSG00000131697,genetic_association,genomics_england,0.9421515,10,Senior-Loken syndrome,NPHP4
MONDO_0017842,ENSG00000131697,genetic_association,eva,0.8735285,188,Senior-Loken syndrome,NPHP4
MONDO_0017842,ENSG00000054282,genetic_association,orphanet,0.6079308,1,Senior-Loken syndrome,SDCCAG8
MONDO_0017842,ENSG00000054282,genetic_association,gene2phenotype,0.7599135,2,Senior-Loken syndrome,SDCCAG8
MONDO_0017842,ENSG00000054282,genetic_association,genomics_england,0.9513975,12,Senior-Loken syndrome,SDCCAG8
MONDO_0017842,ENSG00000054282,genetic_association,eva,0.9057083,354,Senior-Loken syndrome,SDCCAG8
MONDO_0017842,ENSG00000204104,genetic_association,orphanet,0.6079308,1,Senior-Loken syndrome,TRAF3IP1
MONDO_0017842,ENSG00000204104,genetic_association,gene2phenotype,0.6079308,1,Senior-Loken syndrome,TRAF3IP1
MONDO_0017842,ENSG00000204104,genetic_association,genomics_england,0.919068,7,Senior-Loken syndrome,TRAF3IP1
MONDO_0017842,ENSG00000204104,genetic_association,eva,0.823155,9,Senior-Loken syndrome,TRAF3IP1
MONDO_0017842,ENSG00000157796,genetic_association,orphanet,0.6079308,1,Senior-Loken syndrome,WDR19
MONDO_0017842,ENSG00000157796,genetic_association,genomics_england,0.9421515,10,Senior-Loken syndrome,WDR19
MONDO_0017842,ENSG00000157796,genetic_association,eva,0.9110967,611,Senior-Loken syndrome,WDR19
MONDO_0015461,ENSG00000187240,genetic_association,orphanet,0.6079308,1,short rib-polydactyly syndrome,DYNC2H1
MONDO_0015461,ENSG00000187240,genetic_association,eva,0.9384484,435,short rib-polydactyly syndrome,DYNC2H1
MONDO_0015461,ENSG00000213123,genetic_association,uniprot_literature,0.6079308,1,short rib-polydactyly syndrome,DYNLT2B
MONDO_0015461,ENSG00000187535,genetic_association,gene2phenotype,0.7599135,2,short rib-polydactyly syndrome,IFT140
MONDO_0015461,ENSG00000187535,genetic_association,genomics_england,0.965163,18,short rib-polydactyly syndrome,IFT140
MONDO_0015461,ENSG00000187535,genetic_association,eva,0.9407561,1104,short rib-polydactyly syndrome,IFT140
MONDO_0015461,ENSG00000187535,genetic_association,orphanet,0.6079308,1,short rib-polydactyly syndrome,IFT140
MONDO_0015461,ENSG00000187535,genetic_association,uniprot_literature,0.6079308,1,short rib-polydactyly syndrome,IFT140
MONDO_0015461,ENSG00000187535,genetic_association,uniprot_variants,0.9360722,9,short rib-polydactyly syndrome,IFT140
MONDO_0015461,ENSG00000138002,genetic_association,gene2phenotype,0.6079308,1,short rib-polydactyly syndrome,IFT172
MONDO_0015461,ENSG00000138002,genetic_association,genomics_england,0.9066612,6,short rib-polydactyly syndrome,IFT172
MONDO_0015461,ENSG00000138002,genetic_association,orphanet,0.6079308,1,short rib-polydactyly syndrome,IFT172
MONDO_0015461,ENSG00000138002,genetic_association,eva,0.9347944,845,short rib-polydactyly syndrome,IFT172
MONDO_0015461,ENSG00000138002,genetic_association,uniprot_variants,0.8897743,5,short rib-polydactyly syndrome,IFT172
MONDO_0015461,ENSG00000138002,genetic_association,gene2phenotype,0.6079308,1,short rib-polydactyly syndrome,IFT172
MONDO_0015461,ENSG00000138002,genetic_association,genomics_england,0.9421515,10,short rib-polydactyly syndrome,IFT172
MONDO_0015461,ENSG00000119650,genetic_association,genomics_england,0.9128646,7,short rib-polydactyly syndrome,IFT43
MONDO_0015461,ENSG00000101052,genetic_association,gene2phenotype,0.6079308,1,short rib-polydactyly syndrome,IFT52
MONDO_0015461,ENSG00000101052,genetic_association,genomics_england,0.9128646,7,short rib-polydactyly syndrome,IFT52
MONDO_0015461,ENSG00000101052,genetic_association,eva,0.8479353,11,short rib-polydactyly syndrome,IFT52
MONDO_0015461,ENSG00000122970,genetic_association,genomics_england,0.8860591,6,short rib-polydactyly syndrome,IFT81
MONDO_0015461,ENSG00000100578,genetic_association,uniprot_literature,0.6079308,1,short rib-polydactyly syndrome,KIAA0586
MONDO_0015461,ENSG00000100578,genetic_association,genomics_england,0.9421515,10,short rib-polydactyly syndrome,KIAA0586
MONDO_0015461,ENSG00000100578,genetic_association,eva,0.9305668,633,short rib-polydactyly syndrome,KIAA0586
MONDO_0015461,ENSG00000157992,genetic_association,eva,0.8751746,101,short rib-polydactyly syndrome,KRTCAP3
MONDO_0015461,ENSG00000137601,genetic_association,gene2phenotype,0.7599135,2,short rib-polydactyly syndrome,NEK1
MONDO_0015461,ENSG00000137601,genetic_association,genomics_england,0.9446636,11,short rib-polydactyly syndrome,NEK1
MONDO_0015461,ENSG00000137601,genetic_association,uniprot_literature,0.6079308,1,short rib-polydactyly syndrome,NEK1
MONDO_0015461,ENSG00000137601,genetic_association,uniprot_variants,0.6079308,1,short rib-polydactyly syndrome,NEK1
MONDO_0015461,ENSG00000137601,genetic_association,eva,0.9266155,294,short rib-polydactyly syndrome,NEK1
MONDO_0015461,ENSG00000137601,genetic_association,orphanet,0.6079308,1,short rib-polydactyly syndrome,NEK1
MONDO_0015461,ENSG00000204104,genetic_association,orphanet,0.6079308,1,short rib-polydactyly syndrome,TRAF3IP1
MONDO_0015461,ENSG00000118965,genetic_association,eva,0.9016984,398,short rib-polydactyly syndrome,WDR35
MONDO_0010168,ENSG00000214688,genetic_association,eva,0.8767455,111,Usher syndrome type 1,C10orf105
MONDO_0010168,ENSG00000107736,genetic_association,eva,0.9129048,1079,Usher syndrome type 1,CDH23
MONDO_0010168,ENSG00000107736,genetic_association,gene2phenotype,0.6079308,1,Usher syndrome type 1,CDH23
MONDO_0010168,ENSG00000107736,genetic_association,genomics_england,0.6079308,1,Usher syndrome type 1,CDH23
MONDO_0010168,ENSG00000107736,genetic_association,orphanet,0.6079308,1,Usher syndrome type 1,CDH23
MONDO_0010168,ENSG00000107736,genetic_association,clingen,0.6079308,1,Usher syndrome type 1,CDH23
MONDO_0010168,ENSG00000136425,genetic_association,gene2phenotype,0.6079308,1,Usher syndrome type 1,CIB2
MONDO_0010168,ENSG00000136425,genetic_association,genomics_england,0.6079308,1,Usher syndrome type 1,CIB2
MONDO_0010168,ENSG00000136425,genetic_association,orphanet,0.6079308,1,Usher syndrome type 1,CIB2
MONDO_0010168,ENSG00000187017,genetic_association,orphanet,0.6079308,1,Usher syndrome type 1,ESPN
MONDO_0010168,ENSG00000137474,genetic_association,eva,0.9413768,668,Usher syndrome type 1,MYO7A
MONDO_0010168,ENSG00000137474,genetic_association,orphanet,0.6079308,1,Usher syndrome type 1,MYO7A
MONDO_0010168,ENSG00000137474,genetic_association,clingen,0.6079308,1,Usher syndrome type 1,MYO7A
MONDO_0010168,ENSG00000137474,genetic_association,gene2phenotype,0.6079308,1,Usher syndrome type 1,MYO7A
MONDO_0010168,ENSG00000137474,genetic_association,genomics_england,0.865457,4,Usher syndrome type 1,MYO7A
MONDO_0010168,ENSG00000137474,genetic_association,eva,0.8930926,465,Usher syndrome type 1,MYO7A
MONDO_0010168,ENSG00000137474,genetic_association,uniprot_literature,0.6079308,1,Usher syndrome type 1,MYO7A
MONDO_0010168,ENSG00000137474,genetic_association,uniprot_variants,0.9837956,37,Usher syndrome type 1,MYO7A
MONDO_0010168,ENSG00000150275,genetic_association,eva,0.8897042,177,Usher syndrome type 1,PCDH15
MONDO_0010168,ENSG00000150275,genetic_association,orphanet,0.6079308,1,Usher syndrome type 1,PCDH15
MONDO_0010168,ENSG00000150275,genetic_association,clingen,0.6079308,1,Usher syndrome type 1,PCDH15
MONDO_0010168,ENSG00000006611,genetic_association,eva,0.8569119,10,Usher syndrome type 1,USH1C
MONDO_0010168,ENSG00000006611,genetic_association,eva,0.9292501,327,Usher syndrome type 1,USH1C
MONDO_0010168,ENSG00000006611,genetic_association,gene2phenotype,0.6079308,1,Usher syndrome type 1,USH1C
MONDO_0010168,ENSG00000006611,genetic_association,genomics_england,0.7599135,2,Usher syndrome type 1,USH1C
MONDO_0010168,ENSG00000006611,genetic_association,orphanet,0.6079308,1,Usher syndrome type 1,USH1C
MONDO_0010168,ENSG00000006611,genetic_association,uniprot_literature,0.6079308,1,Usher syndrome type 1,USH1C
MONDO_0010168,ENSG00000006611,genetic_association,clingen,0.6079308,1,Usher syndrome type 1,USH1C
MONDO_0010168,ENSG00000182040,genetic_association,eva,0.8874242,83,Usher syndrome type 1,USH1G
MONDO_0010168,ENSG00000182040,genetic_association,orphanet,0.6079308,1,Usher syndrome type 1,USH1G
MONDO_0010168,ENSG00000182040,genetic_association,clingen,0.6079308,1,Usher syndrome type 1,USH1G
MONDO_0016484,ENSG00000164199,genetic_association,eva,0.9300178,526,Usher syndrome type 2,ADGRV1
MONDO_0016484,ENSG00000164199,genetic_association,orphanet,0.6079308,1,Usher syndrome type 2,ADGRV1
MONDO_0016484,ENSG00000164199,genetic_association,clingen,0.6079308,1,Usher syndrome type 2,ADGRV1
MONDO_0016484,ENSG00000137474,genetic_association,orphanet,0.6079308,1,Usher syndrome type 2,MYO7A
MONDO_0016484,ENSG00000186862,genetic_association,uniprot_literature,0.6079308,1,Usher syndrome type 2,PDZD7
MONDO_0016484,ENSG00000186862,genetic_association,orphanet,0.6079308,1,Usher syndrome type 2,PDZD7
MONDO_0016484,ENSG00000042781,genetic_association,eva,0.9479791,1496,Usher syndrome type 2,USH2A
MONDO_0016484,ENSG00000042781,genetic_association,gene2phenotype,0.6079308,1,Usher syndrome type 2,USH2A
MONDO_0016484,ENSG00000042781,genetic_association,genomics_england,0.8274614,3,Usher syndrome type 2,USH2A
MONDO_0016484,ENSG00000042781,genetic_association,uniprot_literature,0.6079308,1,Usher syndrome type 2,USH2A
MONDO_0016484,ENSG00000042781,genetic_association,uniprot_variants,0.9919541,75,Usher syndrome type 2,USH2A
MONDO_0016484,ENSG00000042781,genetic_association,eva,0.9069238,44,Usher syndrome type 2,USH2A
MONDO_0016484,ENSG00000042781,genetic_association,orphanet,0.6079308,1,Usher syndrome type 2,USH2A
MONDO_0016484,ENSG00000042781,genetic_association,clingen,0.6079308,1,Usher syndrome type 2,USH2A
MONDO_0016484,ENSG00000095397,genetic_association,clingen,0.6079308,1,Usher syndrome type 2,WHRN
MONDO_0016484,ENSG00000095397,genetic_association,eva,0.8201439,133,Usher syndrome type 2,WHRN
MONDO_0016484,ENSG00000095397,genetic_association,uniprot_literature,0.6079308,1,Usher syndrome type 2,WHRN
MONDO_0016484,ENSG00000095397,genetic_association,gene2phenotype,0.6079308,1,Usher syndrome type 2,WHRN
MONDO_0016484,ENSG00000095397,genetic_association,genomics_england,0.6079308,1,Usher syndrome type 2,WHRN
MONDO_0016484,ENSG00000095397,genetic_association,orphanet,0.6079308,1,Usher syndrome type 2,WHRN
MONDO_0016485,ENSG00000141337,genetic_association,orphanet,0.6079308,1,Usher syndrome type 3,ARSG
MONDO_0016485,ENSG00000148019,genetic_association,orphanet,0.6079308,1,Usher syndrome type 3,CEP78
MONDO_0016485,ENSG00000163646,genetic_association,eva,0.925148,102,Usher syndrome type 3,CLRN1
MONDO_0016485,ENSG00000163646,genetic_association,orphanet,0.6079308,1,Usher syndrome type 3,CLRN1
MONDO_0016485,ENSG00000163646,genetic_association,clingen,0.6079308,1,Usher syndrome type 3,CLRN1
MONDO_0016485,ENSG00000170445,genetic_association,orphanet,0.6079308,1,Usher syndrome type 3,HARS1
MONDO_custom,ENSG00000084693,genetic_association,gene2phenotype,0.6079308,1,cilia-associated RP,AGBL5
MONDO_custom,ENSG00000135541,genetic_association,eva,0.8374985,9,cilia-associated RP,AHI1
MONDO_custom,ENSG00000116127,genetic_association,eva,0.8179506,6,cilia-associated RP,ALMS1
MONDO_custom,ENSG00000102931,genetic_association,gene2phenotype,0.6079308,1,cilia-associated RP,ARL2BP
MONDO_custom,ENSG00000138175,genetic_association,genomics_england,0.6839221,2,cilia-associated RP,ARL3
MONDO_custom,ENSG00000113966,genetic_association,genomics_england,0.7599135,2,cilia-associated RP,ARL6
MONDO_custom,ENSG00000174483,genetic_association,eva,0.8704523,14,cilia-associated RP,BBS1
MONDO_custom,ENSG00000125124,genetic_association,gene2phenotype,0.6079308,1,cilia-associated RP,BBS2
MONDO_custom,ENSG00000198707,genetic_association,eva,0.8802964,19,cilia-associated RP,CEP290
MONDO_custom,ENSG00000156172,genetic_association,eva,0.8682748,65,cilia-associated RP,CFAP418
MONDO_custom,ENSG00000188419,genetic_association,genomics_england,0.6079308,1,cilia-associated RP,CHM
MONDO_custom,ENSG00000163646,genetic_association,gene2phenotype,0.6079308,1,cilia-associated RP,CLRN1
MONDO_custom,ENSG00000134376,genetic_association,eva,0.9364689,1108,cilia-associated RP,CRB1
MONDO_custom,ENSG00000148204,genetic_association,uniprot_literature,0.6079308,1,cilia-associated RP,CRB2
MONDO_custom,ENSG00000170264,genetic_association,gene2phenotype,0.7599135,2,cilia-associated RP,FAM161A
MONDO_custom,ENSG00000187535,genetic_association,genomics_england,0.6079308,1,cilia-associated RP,IFT140
MONDO_custom,ENSG00000138002,genetic_association,uniprot_variants,0.7599135,2,cilia-associated RP,IFT172
MONDO_custom,ENSG00000032742,genetic_association,orphanet,0.6079308,1,cilia-associated RP,IFT88
MONDO_custom,ENSG00000112706,genetic_association,genomics_england,0.6079308,1,cilia-associated RP,IMPG1
MONDO_custom,ENSG00000081148,genetic_association,gene2phenotype,0.6079308,1,cilia-associated RP,IMPG2
MONDO_custom,ENSG00000088970,genetic_association,gene2phenotype,0.6079308,1,cilia-associated RP,KIZ
MONDO_custom,ENSG00000122550,genetic_association,gene2phenotype,0.6079308,1,cilia-associated RP,KLHL7
MONDO_custom,ENSG00000111837,genetic_association,gene2phenotype,0.6079308,1,cilia-associated RP,MAK
MONDO_custom,ENSG00000153208,genetic_association,gene2phenotype,0.6079308,1,cilia-associated RP,MERTK
MONDO_custom,ENSG00000117650,genetic_association,orphanet,0.6079308,1,cilia-associated RP,NEK2
MONDO_custom,ENSG00000046651,genetic_association,gene2phenotype,0.6079308,1,cilia-associated RP,OFD1
MONDO_custom,ENSG00000179270,genetic_association,gene2phenotype,0.7599135,2,cilia-associated RP,PCARE
MONDO_custom,ENSG00000132915,genetic_association,gene2phenotype,0.6079308,1,cilia-associated RP,PDE6A
MONDO_custom,ENSG00000133256,genetic_association,genomics_england,0.7599135,2,cilia-associated RP,PDE6B
MONDO_custom,ENSG00000185527,genetic_association,gene2phenotype,0.7599135,2,cilia-associated RP,PDE6G
MONDO_custom,ENSG00000214140,genetic_association,gene2phenotype,0.6079308,1,cilia-associated RP,PRCD
MONDO_custom,ENSG00000104237,genetic_association,gene2phenotype,0.6079308,1,cilia-associated RP,RP1
MONDO_custom,ENSG00000183638,genetic_association,gene2phenotype,0.6079308,1,cilia-associated RP,RP1L1
MONDO_custom,ENSG00000102218,genetic_association,gene2phenotype,0.6079308,1,cilia-associated RP,RP2
MONDO_custom,ENSG00000156313,genetic_association,gene2phenotype,0.6079308,1,cilia-associated RP,RPGR
MONDO_custom,ENSG00000092200,genetic_association,genomics_england,0.6079308,1,cilia-associated RP,RPGRIP1
MONDO_custom,ENSG00000130561,genetic_association,gene2phenotype,0.6079308,1,cilia-associated RP,SAG
MONDO_custom,ENSG00000042317,genetic_association,genomics_england,0.7599135,2,cilia-associated RP,SPATA7
MONDO_custom,ENSG00000197579,genetic_association,gene2phenotype,0.6079308,1,cilia-associated RP,TOPORS
MONDO_custom,ENSG00000165533,genetic_association,gene2phenotype,0.6079308,1,cilia-associated RP,TTC8
MONDO_custom,ENSG00000166402,genetic_association,orphanet,0.6079308,1,cilia-associated RP,TUB
MONDO_custom,ENSG00000112041,genetic_association,gene2phenotype,0.6079308,1,cilia-associated RP,TULP1
MONDO_custom,ENSG00000042781,genetic_association,genomics_england,0.865457,4,cilia-associated RP,USH2A
MONDO_0018772,ENSG00000169379,genetic_association,gene2phenotype,0.6079308,1,Joubert syndrome,ARL13B
MONDO_0018772,ENSG00000169379,genetic_association,genomics_england,0.9285669,8,Joubert syndrome,ARL13B
MONDO_0018772,ENSG00000169379,genetic_association,eva,0.9143166,192,Joubert syndrome,ARL13B
MONDO_0018772,ENSG00000169379,genetic_association,orphanet,0.6079308,1,Joubert syndrome,ARL13B
MONDO_0018772,ENSG00000169379,genetic_association,clingen,0.6079308,1,Joubert syndrome,ARL13B
MONDO_0018772,ENSG00000138175,genetic_association,gene2phenotype,0.6079308,1,Joubert syndrome,ARL3
MONDO_0018772,ENSG00000138175,genetic_association,orphanet,0.6079308,1,Joubert syndrome,ARL3
MONDO_0018772,ENSG00000135931,genetic_association,gene2phenotype,0.7599135,2,Joubert syndrome,ARMC9
MONDO_0018772,ENSG00000135931,genetic_association,genomics_england,0.9360722,9,Joubert syndrome,ARMC9
MONDO_0018772,ENSG00000135931,genetic_association,eva,0.8937577,39,Joubert syndrome,ARMC9
MONDO_0018772,ENSG00000135931,genetic_association,orphanet,0.6079308,1,Joubert syndrome,ARMC9
MONDO_0018772,ENSG00000108641,genetic_association,eva,0.8839967,107,Joubert syndrome,B9D1
MONDO_0018772,ENSG00000108641,genetic_association,orphanet,0.6079308,1,Joubert syndrome,B9D1
MONDO_0018772,ENSG00000123810,genetic_association,genomics_england,0.9285669,8,Joubert syndrome,B9D2
MONDO_0018772,ENSG00000123810,genetic_association,eva,0.8597149,29,Joubert syndrome,B9D2
MONDO_0018772,ENSG00000168014,genetic_association,Ruxandra,1,1,Joubert syndrome,C2CD3
MONDO_0018772,ENSG00000100211,genetic_association,orphanet,0.6079308,1,Joubert syndrome,CBY1
MONDO_0018772,ENSG00000048342,genetic_association,gene2phenotype,0.7599135,2,Joubert syndrome,CC2D2A
MONDO_0018772,ENSG00000048342,genetic_association,genomics_england,0.9580964,14,Joubert syndrome,CC2D2A
MONDO_0018772,ENSG00000048342,genetic_association,eva,0.9428516,975,Joubert syndrome,CC2D2A
MONDO_0018772,ENSG00000116198,genetic_association,gene2phenotype,0.6079308,1,Joubert syndrome,CEP104
MONDO_0018772,ENSG00000116198,genetic_association,genomics_england,0.9360722,9,Joubert syndrome,CEP104
MONDO_0018772,ENSG00000116198,genetic_association,eva,0.8791534,127,Joubert syndrome,CEP104
MONDO_0018772,ENSG00000116198,genetic_association,orphanet,0.6079308,1,Joubert syndrome,CEP104
MONDO_0018772,ENSG00000168944,genetic_association,genomics_england,0.8897743,5,Joubert syndrome,CEP120
MONDO_0018772,ENSG00000168944,genetic_association,eva,0.8226735,12,Joubert syndrome,CEP120
MONDO_0018772,ENSG00000168944,genetic_association,orphanet,0.6079308,1,Joubert syndrome,CEP120
MONDO_0018772,ENSG00000106477,genetic_association,gene2phenotype,0.7599135,2,Joubert syndrome,CEP41
MONDO_0018772,ENSG00000106477,genetic_association,genomics_england,0.9421515,10,Joubert syndrome,CEP41
MONDO_0018772,ENSG00000106477,genetic_association,eva,0.9053958,312,Joubert syndrome,CEP41
MONDO_0018772,ENSG00000106477,genetic_association,orphanet,0.6079308,1,Joubert syndrome,CEP41
MONDO_0018772,ENSG00000197603,genetic_association,gene2phenotype,0.6079308,1,Joubert syndrome,CPLANE1
MONDO_0018772,ENSG00000197603,genetic_association,eva,0.8677071,19,Joubert syndrome,CPLANE1
MONDO_0018772,ENSG00000197603,genetic_association,orphanet,0.6079308,1,Joubert syndrome,CPLANE1
MONDO_0018772,ENSG00000198331,genetic_association,genomics_england,0.8897743,5,Joubert syndrome,HYLS1
MONDO_0018772,ENSG00000198331,genetic_association,orphanet,0.6079308,1,Joubert syndrome,HYLS1
MONDO_0018772,ENSG00000138002,genetic_association,Ruxandra,1,1,Joubert syndrome,IFT172
MONDO_0018772,ENSG00000096872,genetic_association,Ruxandra,1,1,Joubert syndrome,IFT74
MONDO_0018772,ENSG00000047578,genetic_association,eva,0.8142482,12,Joubert syndrome,KATNIP
MONDO_0018772,ENSG00000047578,genetic_association,orphanet,0.6079308,1,Joubert syndrome,KATNIP
MONDO_0018772,ENSG00000047578,genetic_association,Ruxandra,1,1,Joubert syndrome,KIAA0556
MONDO_0018772,ENSG00000198920,genetic_association,genomics_england,0.8897743,5,Joubert syndrome,KIAA0753
MONDO_0018772,ENSG00000166813,genetic_association,genomics_england,0.9285669,8,Joubert syndrome,KIF7
MONDO_0018772,ENSG00000046651,genetic_association,eva,0.9089086,333,Joubert syndrome,OFD1
MONDO_0018772,ENSG00000156973,genetic_association,Ruxandra,1,1,Joubert syndrome,PDE6D
MONDO_0018772,ENSG00000083535,genetic_association,gene2phenotype,0.6079308,1,Joubert syndrome,PIBF1
MONDO_0018772,ENSG00000083535,genetic_association,genomics_england,0.865457,4,Joubert syndrome,PIBF1
MONDO_0018772,ENSG00000083535,genetic_association,eva,0.8742252,21,Joubert syndrome,PIBF1
MONDO_0018772,ENSG00000083535,genetic_association,orphanet,0.6079308,1,Joubert syndrome,PIBF1
MONDO_0018772,ENSG00000107882,genetic_association,genomics_england,0.7634994,7,Joubert syndrome,SUFU
MONDO_0018772,ENSG00000107882,genetic_association,orphanet,0.6079308,1,Joubert syndrome,SUFU
MONDO_0018772,ENSG00000204852,genetic_association,genomics_england,0.919068,7,Joubert syndrome,TCTN1
MONDO_0018772,ENSG00000204852,genetic_association,eva,0.9206304,256,Joubert syndrome,TCTN1
MONDO_0018772,ENSG00000204852,genetic_association,orphanet,0.6079308,1,Joubert syndrome,TCTN1
MONDO_0018772,ENSG00000168778,genetic_association,genomics_england,0.919068,7,Joubert syndrome,TCTN2
MONDO_0018772,ENSG00000168778,genetic_association,eva,0.9034422,337,Joubert syndrome,TCTN2
MONDO_0018772,ENSG00000168778,genetic_association,orphanet,0.6079308,1,Joubert syndrome,TCTN2
MONDO_0018772,ENSG00000119977,genetic_association,genomics_england,0.865457,4,Joubert syndrome,TCTN3
MONDO_0018772,ENSG00000119977,genetic_association,eva,0.8993028,231,Joubert syndrome,TCTN3
MONDO_0018772,ENSG00000179029,genetic_association,Ruxandra,1,1,Joubert syndrome,TMEM107
MONDO_0018772,ENSG00000187049,genetic_association,gene2phenotype,0.7599135,2,Joubert syndrome,TMEM216
MONDO_0018772,ENSG00000187049,genetic_association,genomics_england,0.9492866,12,Joubert syndrome,TMEM216
MONDO_0018772,ENSG00000187049,genetic_association,eva,0.9300836,203,Joubert syndrome,TMEM216
MONDO_0018772,ENSG00000164953,genetic_association,genomics_england,0.9631731,16,Joubert syndrome,TMEM67
MONDO_0018772,ENSG00000164953,genetic_association,eva,0.9437408,506,Joubert syndrome,TMEM67
MONDO_0018772,ENSG00000164953,genetic_association,orphanet,0.6079308,1,Joubert syndrome,TMEM67
MONDO_0018772,ENSG00000198718,genetic_association,eva,0.8542816,8,Joubert syndrome,TOGARAM1
MONDO_0018772,ENSG00000102935,genetic_association,gene2phenotype,0.6079308,1,Joubert syndrome,ZNF423
MONDO_0018772,ENSG00000149483,genetic_association,Ruxandra,1,1,Joubert syndrome,TMEM138
MONDO_0018772,ENSG00000150433,genetic_association,Ruxandra,1,1,Joubert syndrome,TMEM218
MONDO_0018772,ENSG00000138286,genetic_association,manual,1,1,Joubert syndrome,FAM149B1
